{
    "Episode": 2,
    "Time Taken": 397.1590142250061,
    "Length": 7.0,
    "Date": "February 28",
    "Loss": 0.9331910610198975,
    "KPIs": {
        "cost_tot": 0.5107877152912913,
        "emis_tot": 0.3364952601721722,
        "ener_tot": 2.0149416776776796,
        "idis_tot": 0.0,
        "pdih_tot": null,
        "pele_tot": 0.02404387853349005,
        "pgas_tot": null,
        "tdis_tot": 423.172487026303,
        "time_rat": 0.00023509665929451196
    },
    "Intrinsic Rewards": -423.6832747415943,
    "Extrinsic Reward": -423.6832747415943
}