{
    "Episode": 209,
    "Length": 7.0,
    "Date": "February 28",
    "Loss": -21.85674476623535,
    "KPIs": {
        "cost_tot": 0.21697526323159552,
        "emis_tot": 0.15327121724319187,
        "ener_tot": 0.9177917200191129,
        "idis_tot": 0.0,
        "pdih_tot": null,
        "pele_tot": 0.021013462203471216,
        "pgas_tot": null,
        "tdis_tot": 4.980534727275604,
        "time_rat": 5.973818559179861e-05
    },
    "Intrinsic Rewards": -5.197509990507199,
    "Extrinsic Reward": -5.197509990507199
}